"Time","ph","Pi"
0,7.0953,1.20206185190703
0.01501502,7.09265973773327,1.37640768018783
0.03003003,7.09002665048714,1.54842978028984
0.04504505,7.08740071878107,1.7181604538385
0.06006006,7.08478192318736,1.88563155579828
0.07507508,7.08217024433098,2.05087450065799
0.09009009,7.07956566288948,2.21392026853143
0.10510511,7.07696815959282,2.37479941117426
0.12012012,7.07437771522322,2.53354205791828
0.13513514,7.07179431061503,2.69017792152439
0.15015015,7.06921792665457,2.84473630395519
0.16516517,7.06664854428003,2.99724610206849
0.18018018,7.06408614448129,3.14773581323272
0.1951952,7.06153070829979,3.29623354086528
0.21021021,7.05898221682842,3.44276699989513
0.22522523,7.05644065121131,3.58736352215037
0.24024024,7.05390599264378,3.730050061672
0.25525526,7.05137822237214,3.87085319995495
0.27027027,7.04885732169356,4.00979915111724
0.28528529,7.04634327195595,4.14691376699832
0.3003003,7.04383605455783,4.2822225421876
0.31531532,7.04133565094814,4.41575061898412
0.33033033,7.03884204262618,4.5475227922883
0.34534535,7.03635521114141,4.67756351442668
0.36036036,7.03387513809333,4.80589689991066
0.37537538,7.03140180513138,4.93254673013007
0.39039039,7.02893519395476,5.05753645798253
0.40540541,7.02647528631232,5.18088921243942
0.42042042,7.0240220640024,5.30262780304938
0.43543544,7.02157550887273,5.42277472438028
0.45045045,7.01913560282028,5.54135216040026
0.46546547,7.01670232779111,5.658381988799
0.48048048,7.01427566578028,5.77388578524985
0.4954955,7.01185559883167,5.88788482761356
0.51051051,7.00944210903787,6.00040010008473
0.52552553,7.00703517854004,6.11145229728139
0.54054054,7.00463478952782,6.22106182827877
0.55555556,7.00224092423911,6.32924882058786
0.57057057,6.99985356496003,6.43603312407967
0.58558559,6.99747269402475,6.54143431485578
0.6006006,6.99509829381534,6.64547169906599
0.61561562,6.99273034676167,6.74816431667385
0.63063063,6.9903688353413,6.84953094517068
0.64564565,6.98801374207927,6.94959010323888
0.66066066,6.98566504954807,7.04836005436511
0.67567568,6.98332274036746,7.14585881040419
0.69069069,6.98098679720431,7.24210413509419
0.70570571,6.97865720277255,7.33711354752365
0.72072072,6.976333939833,7.43090432555118
0.73573574,6.97401699119322,7.52349350917858
0.75075075,6.97170633970742,7.61489790387769
0.76576577,6.96940196827634,7.70513408387185
0.78078078,6.96710385984708,7.79421839537252
0.7957958,6.96481199741302,7.88216695977157
0.81081081,6.96252636401366,7.96899567679004
0.82582583,6.96024694273452,8.05472022758381
0.84084084,6.957973716707,8.13935607780673
0.85585586,6.95570666910828,8.22291848063202
0.87087087,6.95344578316114,8.30542247973217
0.88588589,6.9511910421339,8.38688291221817
0.9009009,6.94894242934027,8.46731441153855
0.91591592,6.94669992813921,8.54673141033861
0.93093093,6.94446352193485,8.62514814328065
0.94594595,6.94223319417632,8.70257864982546
0.96096096,6.94000892835766,8.77903677697583
0.97597598,6.93779070801769,8.85453618198235
0.99099099,6.93557851673987,8.92909033501213
1.00600601,6.93337233815221,9.00271252178107
1.02102102,6.93117215592715,9.07541584614979
1.03603604,6.9289779537814,9.14721323268408
1.05105105,6.92678971547586,9.21811742918021
1.06606607,6.92460742481546,9.2881410091554
1.08108108,6.92243106564911,9.3572963743042
1.0960961,6.92026062186949,9.42559575692103
1.11111111,6.91809607741302,9.49305122228937
1.12612613,6.91593741625966,9.55967467103805
1.14114114,6.91378462243286,9.62547784146506
1.15615616,6.9116376799994,9.69047231182941
1.17117117,6.90949657306929,9.75466950261118
1.18618619,6.90736128579566,9.8180806787405
1.2012012,6.9052318023746,9.88071695179571
1.21621622,6.90310810704512,9.942589282171
1.23123123,6.90099018408895,10.0037084812141
1.24624625,6.89887801783049,10.0640852133346
1.26126126,6.89677159263666,10.1237299980821
1.27627628,6.89467089291677,10.1826532121971
1.29129129,6.89257590312247,10.2408650916316
1.30630631,6.89048660774756,10.2983757335428
1.32132132,6.88840299132793,10.3551950982585
1.33633634,6.88632503844141,10.4113330112152
1.35135135,6.88425273370767,10.4667991648692
1.36636637,6.88218606178812,10.5216031205807
1.38138138,6.88012500738578,10.5757543104719
1.3963964,6.87806955524517,10.6292620392583
1.41141141,6.87601969015219,10.6821354860554
1.42642643,6.87397539693404,10.7343837061589
1.44144144,6.87193666045907,10.7860156328006
1.45645646,6.86990346563668,10.8370400788787
1.47147147,6.86787579741722,10.8874657386644
1.48648649,6.86585364079187,10.9373011894839
1.5015015,6.86383698079253,10.9865548933768
1.51651652,6.86182580249172,11.0352351987304
1.53153153,6.85982009100244,11.0833503418914
1.54654655,6.85781983147809,11.130908448754
1.56156156,6.85582500911236,11.1779175363259
1.57657658,6.85383560913911,11.2243855142709
1.59159159,6.85185161683225,11.2703201864307
1.60660661,6.84987301750565,11.3157292523234
1.62162162,6.84789979651304,11.3606203086212
1.63663664,6.84593193924786,11.4050008506066
1.65165165,6.84396943114322,11.4488782736075
1.66666667,6.84201225767171,11.4922598744111
1.68168168,6.84006040434537,11.535152852658
1.6966967,6.83811385671553,11.5775643122148
1.71171171,6.83617260037273,11.6195012625277
1.72672673,6.83423662094661,11.6609706199554
1.74174174,6.83230590410578,11.7019792090833
1.75675676,6.83038043555776,11.7425337640172
1.77177177,6.82846020104884,11.7826409296589
1.78678679,6.82654518636398,11.8223072629618
1.8018018,6.82463537732671,11.8615392341691
1.81681682,6.82273075979904,11.9003432280326
1.83183183,6.82083131968131,11.9387255450131
1.84684685,6.81893704291214,11.9766924024639
1.86186186,6.81704791546831,12.0142499357952
1.87687688,6.81516392336462,12.051404199622
1.89189189,6.81328505265384,12.0881611688934
1.90690691,6.81141128942658,12.1245267400065
1.92192192,6.80954261981118,12.1605067319013
1.93693694,6.80767902997363,12.1961068871405
1.95195195,6.80582050611745,12.2313328729718
1.96696697,6.8039670344836,12.2661902823744
1.98198198,6.80211860135037,12.3006846350891
1.996997,6.80027519303328,12.3348213786324
2.01201201,6.79843679588499,12.3686058892949
2.02702703,6.79660339629519,12.4020434731246
2.04204204,6.79477498069047,12.4351393668939
2.05705706,6.7929515355343,12.4678987390527
2.07207207,6.79113304732685,12.500326690665
2.08708709,6.78931950260492,12.5324282563326
2.1021021,6.78751088794185,12.564208405102
2.11711712,6.78570718994741,12.5956720413592
2.13213213,6.78390839526771,12.6268240057082
2.14714715,6.78211449058508,12.6576690758373
2.16216216,6.78032546261799,12.68821196737
2.17717718,6.77854129812097,12.718457334703
2.19219219,6.77676198388447,12.7484097718311
2.20720721,6.77498750673478,12.7780738131579
2.22222222,6.77321785353396,12.8074539342938
2.23723724,6.7714530111797,12.8365545528412
2.25225225,6.76969296660525,12.865380029167
2.26726727,6.76793770677932,12.8939346671615
2.28228228,6.76618721870597,12.9222227149867
2.2972973,6.76444148942454,12.9502483658106
2.31231231,6.76270050600952,12.9780157585305
2.32732733,6.76096425557049,13.0055289784837
2.34234234,6.75923272525201,13.0327920581474
2.35735736,6.75750590223351,13.0598089778261
2.37237237,6.75578377372921,13.086583666328
2.38738739,6.75406632698805,13.1131200016305
2.4024024,6.75235354929354,13.139421811534
2.41741742,6.75064542796372,13.1654928743055
2.43243243,6.74894195035103,13.1913369193111
2.44744745,6.74724310384223,13.2169576276379
2.46246246,6.74554887585831,13.2423586327058
2.47747748,6.74385925385441,13.2675435208693
2.49249249,6.74217422531969,13.2925158320083
2.50750751,6.74049377777727,13.3172790601104
2.52252252,6.73881789878412,13.3418366538422
2.53753754,6.737146575931,13.3661920171121
2.55255255,6.73547979684231,13.3903485096229
2.56756757,6.73381754917605,13.4143094474158
2.58258258,6.73215982062372,13.4380781034051
2.5975976,6.73050659891022,13.4616577079039
2.61261261,6.72885787179373,13.4850514491411
2.62762763,6.7272136270657,13.5082624737701
2.64264264,6.72557385255067,13.5312938873689
2.65765766,6.72393853610624,13.5541487549317
2.67267267,6.72230766562296,13.5768301013529
2.68768769,6.72068122902424,13.5993409119028
2.7027027,6.71905921426625,13.6216841326954
2.71771772,6.71744160933786,13.6438626711492
2.73273273,6.71582840226054,13.6658793964399
2.74774775,6.71421958108824,13.6877371399458
2.76276276,6.71261513390736,13.7094386956865
2.77777778,6.7110150488366,13.7309868207539
2.79279279,6.70941931402694,13.7523842357373
2.80780781,6.70782791766148,13.7736336251405
2.82282282,6.7062408479554,13.7947376377934
2.83783784,6.70465809315589,13.8156988872567
2.85285285,6.70307964154198,13.8365199522203
2.86786787,6.70150548142456,13.8572033768957
2.88288288,6.6999356011462,13.8777516714021
2.8978979,6.69836998908115,13.8981673121471
2.91291291,6.69680863363518,13.9184527422014
2.92792793,6.69525152324552,13.9386103716676
2.94294294,6.69369864638081,13.9586425780444
2.95795796,6.69214999154095,13.9785517065846
2.97297297,6.69060554725708,13.9983400706481
2.98798799,6.68906530209145,14.0180099520506
3.003003,6.68752924463734,14.0375636014061
3.01801802,6.68599736351901,14.0570032384658
3.03303303,6.68446964739157,14.0763310524515
3.04804805,6.68294608494094,14.0955492023847
3.06306306,6.68142666488373,14.1146598174117
3.07807808,6.67991137596719,14.1336649971234
3.09309309,6.67840020696907,14.1525668118722
3.10810811,6.67689314669763,14.1713673030833
3.12312312,6.67539018399146,14.1900684835637
3.13813814,6.67389130771947,14.208672337806
3.15315315,6.67239650678076,14.2271808222889
3.16816817,6.67090577010457,14.2455958657743
3.18318318,6.66941908665017,14.2639193696009
3.1981982,6.66793644540682,14.2821532079737
3.21321321,6.66645783539363,14.3002992282509
3.22822823,6.66498324565955,14.3183592512271
3.24324324,6.66351266528322,14.3363350714137
3.25825826,6.66204608337293,14.3542284573163
3.27327327,6.66058348906654,14.3720411517084
3.28828829,6.65912487153137,14.3897748719034
3.3033033,6.65767021996417,14.4074313100228
3.31831832,6.65621952359098,14.4250121332621
3.33333333,6.65477277166709,14.4425189841547
3.34834835,6.65332995347697,14.4599534808318
3.36336336,6.65189105833415,14.4773172172815
3.37837838,6.65045607558117,14.4946117636042
3.39339339,6.64902499458949,14.5118386662667
3.40840841,6.64759780475945,14.5289994483531
3.42342342,6.6461744955201,14.5460956098145
3.43843844,6.64475505632924,14.5631286277158
3.45345345,6.64333947667324,14.5800999564808
3.46846847,6.64192774606702,14.5970110281355
3.48348348,6.64051985405396,14.6138632525492
3.4984985,6.63911579020582,14.6306580176736
3.51351351,6.63771554412267,14.6473966897805
3.52852853,6.63631910543279,14.6640806136972
3.54354354,6.63492646379263,14.6807111130411
3.55855856,6.63353760888669,14.6972894904513
3.57357357,6.63215253042749,14.7138170278198
3.58858859,6.63077121815546,14.7302949865203
3.6036036,6.62939366183888,14.746724607636
3.61861862,6.6280198512738,14.7631071121854
3.63363363,6.62664977628398,14.7794437013471
3.64864865,6.62528342672077,14.7957355566827
3.66366366,6.62392079246308,14.8119838403587
3.67867868,6.62256186341731,14.8281896953667
3.69369369,6.62120662951723,14.8443542457426
3.70870871,6.61985508072394,14.860478596784
3.72372372,6.61850720702579,14.8765638352665
3.73873874,6.61716299843831,14.8926110296591
3.75375375,6.61582244500411,14.9086212303376
3.76876877,6.61448553679286,14.9245954697976
3.78378378,6.61315226390114,14.9405347628652
3.7987988,6.61182261645246,14.9564401069076
3.81381381,6.61049658459709,14.9723124820418
3.82882883,6.60917415851208,14.9881528513425
3.84384384,6.6078553284011,15.0039621610481
3.85885886,6.60654008449444,15.0197413407665
3.87387387,6.60522841704889,15.0354913036794
3.88888889,6.6039203163477,15.0512129467446
3.9039039,6.6026157727005,15.0669071508987
3.91891892,6.6013147764432,15.0825747812571
3.93393393,6.60001731793795,15.0982166873141
3.94894895,6.59872338757306,15.1138337031409
3.96396396,6.59743297576295,15.129426647583
3.97897898,6.59614607294803,15.1449963244562
3.99399399,6.59486266959468,15.1605435227415
4.00900901,6.59358275619514,15.1760690167793
4.02402402,6.59230632326746,15.1915735664613
4.03903904,6.59103336135545,15.2070579174223
4.05405405,6.58976386102856,15.2225228012307
4.06906907,6.58849781288185,15.237968935577
4.08408408,6.58723520753592,15.2533970244623
4.0990991,6.5859760356368,15.2688077583845
4.11411411,6.58472028785594,15.284201814524
4.12912913,6.58346795489011,15.2995798569281
4.14414414,6.5822190274613,15.3149425366939
4.15915916,6.58097349631673,15.33029049215
4.17417417,6.57973135222871,15.3456243490374
4.18918919,6.5784925859946,15.3609447206884
4.2042042,6.57725718843674,15.3762522082053
4.21921922,6.5760251504024,15.3915474006365
4.23423423,6.57479646276367,15.4068308751523
4.24924925,6.57357111641742,15.4221031972194
4.26426426,6.57234910228526,15.4373649207733
4.27927928,6.57113041131341,15.4526165883902
4.29429429,6.56991503447269,15.467858731457
4.30930931,6.5687029627584,15.4830918703406
4.32432432,6.56749418719032,15.4983165145552
4.33933934,6.56628869881258,15.5135331629283
4.35435435,6.56508648869364,15.5287423037659
4.36936937,6.56388754792619,15.5439444150159
4.38438438,6.56269186762711,15.5591399644298
4.3993994,6.56149943893738,15.5743294097235
4.41441441,6.56031025302205,15.5895131987367
4.42942943,6.55912430107014,15.6046917695905
4.44444444,6.55794157429458,15.6198655508436
4.45945946,6.55676206393218,15.6350349616474
4.47447447,6.5555857612435,15.6502004118994
4.48948949,6.55441265751285,15.665362302395
4.5045045,6.55324274404821,15.6805210249783
4.51951952,6.55207601218113,15.6956769626907
4.53453453,6.55091245326671,15.7108304899188
4.54954955,6.5497520586835,15.72598197254
4.56456456,6.54859481983348,15.7411317680673
4.57957958,6.54744072814194,15.7562802257924
4.59459459,6.54628977505747,15.7714276869266
4.60960961,6.54514195205186,15.7865744847413
4.62462462,6.54399725062007,15.8017209447064
4.63963964,6.54285566228013,15.8168673846266
4.65465465,6.54171717857311,15.8320141147773
4.66966967,6.54058179106303,15.8471614380383
4.68468468,6.53944949133682,15.8623096500257
4.6996997,6.53832027100424,15.8774590392231
4.71471471,6.53719412169784,15.8926098871102
4.72972973,6.53607103507289,15.9077624682909
4.74474474,6.53495100280728,15.9229170506189
4.75975976,6.53383401660154,15.9380738953222
4.77477477,6.53272006817869,15.9532332571265
4.78978979,6.53160914928424,15.9683953843759
4.8048048,6.53050125168611,15.983560519153
4.81981982,6.52939636717455,15.9987288973974
4.83483483,6.52829448756213,16.0139007490219
4.84984985,6.52719560468363,16.0290762980277
4.86486486,6.52609971039598,16.0442557626185
4.87987988,6.52500679657823,16.0594393553119
4.89489489,6.5239168551315,16.0746272830503
4.90990991,6.52282987797886,16.0898197473097
4.92492492,6.52174585706533,16.105016944207
4.93993994,6.52066478435778,16.1202190646063
4.95495495,6.51958665184492,16.135426294223
4.96996997,6.51851145153718,16.1506388137265
4.98498498,6.51743917546669,16.1658567988418
5,6.51636981568721,16.1810804204494
5.01501502,6.51530336427408,16.1963098446833
5.03003003,6.51423981332414,16.2115452330283
5.04504505,6.51317915495571,16.226786742415
5.06006006,6.51212138130848,16.2420345253138
5.07507508,6.5110664845435,16.2572887298274
5.09009009,6.51001445684309,16.2725494997819
5.10510511,6.50896529041081,16.287816974816
5.12012012,6.50791897747137,16.3030912904693
5.13513514,6.50687551027059,16.3183725782691
5.15015015,6.50583488107536,16.3336609658155
5.16516517,6.50479708217354,16.348956576865
5.18018018,6.50376210587396,16.3642595314134
5.1951952,6.50272994450629,16.3795699457768
5.21021021,6.50170059042106,16.3948879326711
5.22522523,6.50067403598955,16.4102136012903
5.24024024,6.49965027360376,16.4255470573837
5.25525526,6.49862929567634,16.4408884033315
5.27027027,6.49761109464054,16.4562377382193
5.28528529,6.49659566295016,16.4715951579106
5.3003003,6.49558299307948,16.486960755119
5.31531532,6.49457307752322,16.5023346194788
5.33033033,6.49356590879647,16.5177168376134
5.34534535,6.49256147943465,16.5331074932042
5.36036036,6.49155978199343,16.5485066670563
5.37537538,6.49056080904871,16.5639144371649
5.39039039,6.48956455319654,16.5793308787786
5.40540541,6.48857100705308,16.5947560644633
5.42042042,6.48758016325452,16.6101900641632
5.43543544,6.48659201445705,16.6256329452622
5.45045045,6.4856065533368,16.6410847726429
5.46546547,6.4846237725898,16.6565456087452
5.48048048,6.4836436649319,16.6720155136233
5.4954955,6.48266622309871,16.6874945450023
5.51051051,6.48169143984558,16.7029827583324
5.52552553,6.48071930794754,16.7184802068437
5.54054054,6.47974982019922,16.7339869415984
5.55555556,6.47878296941481,16.7495030115429
5.57057057,6.47781874842804,16.7650284635585
5.58558559,6.47685715009206,16.7805633425109
5.6006006,6.47589816727944,16.7961076912994
5.61561562,6.47494179288212,16.811661550904
5.63063063,6.47398801981131,16.8272249604325
5.64564565,6.47303684099749,16.8427979571661
5.66066066,6.47208824939031,16.8583805766043
5.67567568,6.4711422379586,16.8739728525086
5.69069069,6.47019879969024,16.8895748169457
5.70570571,6.46925792759218,16.905186500329
5.72072072,6.46831961469035,16.9208079314603
5.73573574,6.4673838540296,16.9364391375695
5.75075075,6.46645063867369,16.9520801443544
5.76576577,6.46551996170519,16.967730976019
5.78078078,6.46459181622547,16.983391655311
5.7957958,6.46366619535463,16.9990622035589
5.81081081,6.46274309223144,17.014742640708
5.82582583,6.46182250001331,17.0304329853553
5.84084084,6.46090441187622,17.0461332547843
5.85585586,6.45998882101468,17.0618434649986
5.87087087,6.45907572064169,17.0775636307546
5.88588589,6.45816510398867,17.0932937655938
5.9009009,6.45725696430543,17.1090338818742
5.91591592,6.45635129486008,17.1247839908011
5.93093093,6.45544808893905,17.140544102457
5.94594595,6.45454733984696,17.1563142258306
5.96096096,6.45364904090663,17.1720943688461
5.97597598,6.45275318545902,17.1878845383906
5.99099099,6.45185976686316,17.2036847403417
6.00600601,6.4509687784961,17.2194949795938
6.02102102,6.4500802137529,17.2353152600847
6.03603604,6.44919406604653,17.2511455848204
6.05105105,6.44831032880787,17.2669859559003
6.06606607,6.44742899548562,17.2828363745412
6.08108108,6.44655005954627,17.298696841101
6.0960961,6.44567351447406,17.3145673551019
6.11111111,6.44479935377091,17.3304479152526
6.12612613,6.44392757095641,17.3463385194704
6.14114114,6.44305815956772,17.3622391649025
6.15615616,6.44219111315956,17.378149847947
6.17117117,6.44132642530415,17.3940705642734
6.18618619,6.44046408959117,17.4100013088421
6.2012012,6.43960409962771,17.4259420759238
6.21621622,6.43874644903819,17.4418928591186
6.23123123,6.43789113146438,17.4578536513745
6.24624625,6.4370381405653,17.4738244450048
6.26126126,6.43618747001719,17.489805231706
6.27627628,6.43533911351346,17.5057960025749
6.29129129,6.43449306476463,17.5217967481248
6.30630631,6.43364931749834,17.5378074583021
6.32132132,6.43280786545923,17.5538281225016
6.33633634,6.43196870240893,17.5698587295824
6.35135135,6.43113182212601,17.5858992678823
6.36636637,6.43029721840595,17.6019497252328
6.38138138,6.42946488506107,17.6180100889729
6.3963964,6.42863481592048,17.6340803459632
6.41141141,6.42780700483006,17.6501604825991
6.42642643,6.42698144565241,17.6662504848243
6.44144144,6.42615813226677,17.6823503381428
6.45645646,6.42533705856903,17.6984600276322
6.47147147,6.42451821847164,17.7145795379548
6.48648649,6.42370160590359,17.7307088533703
6.5015015,6.42288721481034,17.7468479577464
6.51651652,6.42207503915381,17.7629968345704
6.53153153,6.42126507291231,17.77915546696
6.54654655,6.4204573100805,17.7953238376734
6.56156156,6.41965174466936,17.8115019291201
6.57657658,6.41884837070611,17.8276897233703
6.59159159,6.41804718223421,17.843887202165
6.60660661,6.41724817331329,17.8600943469252
6.62162162,6.41645133801912,17.8763111387609
6.63663664,6.41565667044353,17.8925375584803
6.65165165,6.41486416469444,17.9087735865982
6.66666667,6.41407381489573,17.9250192033447
6.68168168,6.41328561518725,17.9412743886727
6.6966967,6.41249955972479,17.9575391222665
6.71171171,6.41171564267996,17.9738133835494
6.72672673,6.41093385824024,17.9900971516906
6.74174174,6.41015420060889,18.0063904056134
6.75675676,6.40937666400488,18.0226931240012
6.77177177,6.40860124266293,18.0390052853054
6.78678679,6.40782793083338,18.0553268677512
6.8018018,6.40705672278219,18.0716578493446
6.81681682,6.4062876127909,18.0879982078783
6.83183183,6.40552059515658,18.1043479209382
6.84684685,6.40475566419178,18.1207069659088
6.86186186,6.40399281422451,18.1370753199794
6.87687688,6.40323203959816,18.1534529601494
6.89189189,6.4024733346715,18.1698398632339
6.90690691,6.40171669381863,18.1862360058686
6.92192192,6.4009621114289,18.2026413645152
6.93693694,6.40020958190691,18.2190559154662
6.95195195,6.39945909967248,18.2354796348498
6.96696697,6.39871065916054,18.2519124986342
6.98198198,6.39796425482117,18.2683544826327
6.996997,6.39721988111951,18.2848055625072
7.01201201,6.39647753253572,18.3012657137734
7.02702703,6.39573720356497,18.3177349118041
7.04204204,6.39499888871737,18.3342131318335
7.05705706,6.39426258251795,18.3507003489611
7.07207207,6.39352827950659,18.3671965381555
7.08708709,6.39279597423802,18.3837016742575
7.1021021,6.39206566128174,18.4002157319843
7.11711712,6.39133733522201,18.4167386859322
7.13213213,6.3906109906578,18.4332705105806
7.14714715,6.38988662220275,18.4498111802946
7.16216216,6.38916422448511,18.4663606693283
7.17717718,6.38844379214773,18.4829189518278
7.19219219,6.38772531984803,18.4994860018339
7.20720721,6.38700880225792,18.5160617932852
7.22222222,6.38629423406376,18.5326463000207
7.23723724,6.38558160996639,18.5492394957822
7.25225225,6.384870924681,18.5658413542169
7.26726727,6.38416217293716,18.5824518488801
7.28228228,6.38345534947874,18.5990709532374
7.2972973,6.38275044906389,18.6156986406668
7.31231231,6.382047466465,18.6323348844613
7.32732733,6.38134639646865,18.6489796578308
7.34234234,6.38064723387558,18.665632933904
7.35735736,6.37994997350066,18.6822946857309
7.37237237,6.37925461017283,18.6989648862843
7.38738739,6.3785611387351,18.7156435084617
7.4024024,6.37786955404445,18.7323305250874
7.41741742,6.37717985097186,18.7490259089139
7.43243243,6.37649202440222,18.765729632624
7.44744745,6.37580606923432,18.7824416688318
7.46246246,6.37512198038082,18.7991619900849
7.47747748,6.37443975276817,18.8158905688657
7.49249249,6.37375938133661,18.8326273775926
7.50750751,6.37308086104013,18.8493723886218
7.52252252,6.37240418684643,18.8661255742485
7.53753754,6.37172935373686,18.8828869067082
7.55255255,6.37105635670641,18.899656358178
7.56756757,6.37038519076367,18.9164339007777
7.58258258,6.36971585093078,18.9332195065714
7.5975976,6.3690483322434,18.950013147568
7.61261261,6.36838262975067,18.9668147957229
7.62762763,6.36771873851519,18.9836244229388
7.64264264,6.36705665361297,19.0004420010665
7.65765766,6.36639637013337,19.0172675019064
7.67267267,6.36573788317912,19.0341008972089
7.68768769,6.36508118786623,19.0509421586759
7.7027027,6.36442627932398,19.0677912579611
7.71771772,6.36377315269489,19.0846481666713
7.73273273,6.36312180313467,19.1015128563668
7.74774775,6.36247222581217,19.1183852985627
7.76276276,6.36182441590938,19.1352654647291
7.77777778,6.36117836862139,19.1521533262924
7.79279279,6.3605340791563,19.1690488546356
7.80780781,6.35989154273526,19.1859520210989
7.82282282,6.3592507545924,19.2028627969809
7.83783784,6.35861170997477,19.2197811535386
7.85285285,6.35797440414235,19.2367070619883
7.86786787,6.357338832368,19.2536404935063
7.88288288,6.3567049899374,19.2705814192292
7.8978979,6.35607287214904,19.2875298102546
7.91291291,6.3554424743142,19.3044856376415
7.92792793,6.35481379175688,19.3214488724109
7.94294294,6.35418681981377,19.3384194855461
7.95795796,6.35356155383425,19.3553974479935
7.97297297,6.35293798918033,19.3723827306627
7.98798799,6.3523161212266,19.3893753044271
8.003003,6.35169594536022,19.4063751401243
8.01801802,6.35107745698089,19.4233822085562
8.03303303,6.35046065150081,19.4403964804898
8.04804805,6.34984552434461,19.4574179266575
8.06306306,6.34923207094939,19.4744465177571
8.07807808,6.34862028676462,19.4914822244523
8.09309309,6.34801016725213,19.5085250173734
8.10810811,6.34740170788608,19.5255748671169
8.12312312,6.34679490415294,19.5426317442464
8.13813814,6.34618975155141,19.5596956192925
8.15315315,6.34558624559244,19.5767664627532
8.16816817,6.34498438179918,19.5938442450943
8.18318318,6.34438415570691,19.6109289367493
8.1981982,6.34378556286306,19.6280205081201
8.21321321,6.34318859882716,19.6451189295767
8.22822823,6.34259325917079,19.662224171458
8.24324324,6.34199953947756,19.6793362040713
8.25825826,6.34140743534308,19.6964549976932
8.27327327,6.34081694237493,19.7135805225695
8.28828829,6.3402280561926,19.730712748915
8.3033033,6.33964077242752,19.7478516469145
8.31831832,6.33905508672293,19.7649971867223
8.33333333,6.33847099473396,19.7821493384624
8.34834835,6.33788849212751,19.7993080722292
8.36336336,6.33730757458226,19.8164733580869
8.37837838,6.33672823778863,19.8336451660703
8.39339339,6.33615047744875,19.8508234661845
8.40840841,6.33557428927642,19.8680082284051
8.42342342,6.33499966899707,19.8851994226786
8.43843844,6.33442661234778,19.9023970189223
8.45345345,6.33385511507716,19.9196009870241
8.46846847,6.33328517294541,19.9368112968435
8.48348348,6.33271678172423,19.9540279182107
8.4984985,6.33214993719681,19.9712508209272
8.51351351,6.33158463515779,19.9884799747661
8.52852853,6.33102087141325,20.0057153494718
8.54354354,6.33045864178063,20.0229569147601
8.55855856,6.32989794208877,20.0402046403185
8.57357357,6.32933876817781,20.0574584958064
8.58858859,6.32878111589922,20.0747184508546
8.6036036,6.32822498111572,20.091984475066
8.61861862,6.32767035970126,20.1092565380154
8.63363363,6.32711724754103,20.1265346092496
8.64864865,6.32656564053138,20.1438186582873
8.66366366,6.3260155345798,20.1611086546195
8.67867868,6.32546692560491,20.1784045677093
8.69369369,6.32491980953641,20.1957063669922
8.70870871,6.32437418231506,20.2130140218758
8.72372372,6.32383003989267,20.2303275017402
8.73873874,6.323287378232,20.2476467759378
8.75375375,6.32274619330681,20.2649718137937
8.76876877,6.32220648110181,20.2823025846054
8.78378378,6.32166823761257,20.2996390576428
8.7987988,6.3211314588456,20.3169812021487
8.81381381,6.32059614081821,20.3343289873385
8.82882883,6.32006227955855,20.3516823824002
8.84384384,6.31952987110556,20.3690413564947
8.85885886,6.31899891150893,20.3864058787557
8.87387387,6.31846939682911,20.4037759182897
8.88888889,6.31794132313721,20.4211514441762
8.9039039,6.31741468651505,20.4385324254674
8.91891892,6.31688948305509,20.4559188311887
8.93393393,6.31636570886037,20.4733106303386
8.94894895,6.31584336004457,20.4907077918884
8.96396396,6.3153224327319,20.5081102847826
8.97897898,6.31480292305708,20.5255180779389
8.99399399,6.31428482716538,20.5429311402482
9.00900901,6.31376814121249,20.5603494405745
9.02402402,6.31325286136459,20.5777729477551
9.03903904,6.31273898379825,20.5952016306007
9.05405405,6.31222650470042,20.6126354578951
9.06906907,6.31171542026843,20.6300743983956
9.08408408,6.31120572670994,20.6475184208329
9.0990991,6.31069742024289,20.6649674939113
9.11411411,6.31019049709553,20.6824215863081
9.12912913,6.30968495350632,20.6998806666747
9.14414414,6.30918078572396,20.7173447036356
9.15915916,6.30867799000735,20.7348136657892
9.17417417,6.30817656262554,20.7522875217072
9.18918919,6.30767649985771,20.7697662399351
9.2042042,6.30717779799317,20.7872497889923
9.21921922,6.30668045333129,20.8047381373717
9.23423423,6.3061844621815,20.82223125354
9.24924925,6.30568982086328,20.8397291059376
9.26426426,6.30519652570607,20.8572316629791
9.27927928,6.30470457304932,20.8747388930526
9.29429429,6.30421395924239,20.8922507645203
9.30930931,6.30372468064459,20.9097672457184
9.32432432,6.30323673362509,20.9272883049569
9.33933934,6.30275011456297,20.94481391052
9.35435435,6.3022648198471,20.962344030666
9.36936937,6.30178084587619,20.9798786336272
9.38438438,6.30129818905871,20.99741768761
9.3993994,6.30081684581293,21.0149611607953
9.41441441,6.3003368125668,21.0325090213379
9.42942943,6.29985808575802,21.050061237367
9.44444444,6.29938066183394,21.0676177769862
9.45945946,6.29890453725156,21.0851786082732
9.47447447,6.29842970847754,21.1027436992804
9.48948949,6.2979561719881,21.1203130180345
9.5045045,6.29748392426906,21.1378865325367
9.51951952,6.29701296181578,21.1554642107628
9.53453453,6.29654328113314,21.1730460206629
9.54954955,6.29607487873551,21.190631930162
9.56456456,6.29560775114675,21.2082219071597
9.57957958,6.29514189490015,21.2258159195303
9.59459459,6.29467730653842,21.2434139351227
9.60960961,6.29421398261366,21.2610159217608
9.62462462,6.29375191968736,21.2786218472433
9.63963964,6.29329111433032,21.2962316793436
9.65465465,6.29283156312269,21.3138453858102
9.66966967,6.29237326265388,21.3314629343667
9.68468468,6.2919162095226,21.3490842927114
9.6996997,6.29146040033677,21.3667094285179
9.71471471,6.29100583171354,21.3843383094349
9.72972973,6.29055250027926,21.4019709030862
9.74474474,6.29010040266944,21.419607177071
9.75975976,6.28964953552872,21.4372470989634
9.77477477,6.28919989551088,21.4548906363133
9.78978979,6.28875147927878,21.4725377566456
9.8048048,6.28830428350434,21.4901884274607
9.81981982,6.28785830486852,21.5078426162346
9.83483483,6.28741354006133,21.5255002904187
9.84984985,6.28696998578174,21.5431614174401
9.86486486,6.2865276387377,21.5608259647013
9.87987988,6.28608649564611,21.5784938995807
9.89489489,6.28564655323278,21.5961651894324
9.90990991,6.28520780823244,21.6138398015861
9.92492492,6.28477025738866,21.6315177033476
9.93993994,6.28433389745387,21.6491988619984
9.95495495,6.28389872518935,21.666883244796
9.96996997,6.28346473736514,21.684570818974
9.98498498,6.28303193076009,21.7022615517418
10,6.28260030216177,21.7199554102853
10.01501502,6.28216984836651,21.7376523617661
10.03003003,6.28174056617932,21.7553523733223
10.04504505,6.28131245241392,21.7730554120683
10.06006006,6.28088550389266,21.7907614450948
10.07507508,6.28045971744654,21.8084704394688
10.09009009,6.28003508991516,21.8261823622337
10.10510511,6.27961161814672,21.8438971804097
10.12012012,6.27918929899798,21.8616148609931
10.13513514,6.27876812933424,21.8793353709573
10.15015015,6.27834810602931,21.8970586772519
10.16516517,6.2779292259655,21.9147847468037
10.18018018,6.27751148603361,21.9325135465159
10.1951952,6.27709488313286,21.9502450432688
10.21021021,6.27667941417091,21.9679792039194
10.22522523,6.27626507606382,21.9857159953019
10.24024024,6.27585186573604,22.0034553842272
10.25525526,6.27543978012036,22.0211973374837
10.27027027,6.27502881615791,22.0389418218366
10.28528529,6.27461897079815,22.0566888040284
10.3003003,6.2742102409988,22.0744382507789
10.31531532,6.27380262372587,22.0921901287851
10.33033033,6.2733961159536,22.1099444047216
10.34534535,6.27299071466446,22.1277010452402
10.36036036,6.27258641684912,22.1454600169703
10.37537538,6.27218321950642,22.1632212865189
10.39039039,6.27178111964337,22.1809848204706
10.40540541,6.2713801142751,22.1987505853875
10.42042042,6.27098020042485,22.2165185478098
10.43543544,6.27058137512396,22.234288674255
10.45045045,6.27018363541183,22.252060931219
10.46546547,6.2697869783359,22.2698352851753
10.48048048,6.26939140095165,22.2876117025753
10.4954955,6.26899690032254,22.3053901498487
10.51051051,6.26860347352004,22.3231705934032
10.52552553,6.26821111762354,22.3409529996246
10.54054054,6.26781982972039,22.358737334877
10.55555556,6.26742960690586,22.3765235655027
10.57057057,6.26704044628309,22.3943116578223
10.58558559,6.26665234496312,22.4121015781351
10.6006006,6.26626530006483,22.4298932927186
10.61561562,6.26587930871491,22.4476867678288
10.63063063,6.26549436804789,22.4654819697005
10.64564565,6.26511047520606,22.483278864547
10.66066066,6.2647276273395,22.5010774185603
10.67567568,6.26434582160601,22.5188775979112
10.69069069,6.26396505517114,22.5366793687495
10.70570571,6.26358532520812,22.5544826972035
10.72072072,6.26320662889788,22.5722875493809
10.73573574,6.26282896342898,22.5900938913681
10.75075075,6.26245232599767,22.6079016892307
10.76576577,6.26207671380778,22.6257109090134
10.78078078,6.26170212407074,22.6435215167402
10.7957958,6.26132855400558,22.6613334784143
10.81081081,6.26095600083888,22.6791467600181
10.82582583,6.26058446180474,22.6969613275135
10.84084084,6.2602139341448,22.7147771468418
10.85585586,6.25984441510818,22.7325941839239
10.87087087,6.25947590195148,22.7504124046601
10.88588589,6.25910839193876,22.7682317749304
10.9009009,6.25874188234151,22.7860522605946
10.91591592,6.25837637043865,22.803873827492
10.93093093,6.25801185351647,22.8216964414419
10.94594595,6.25764832886864,22.8395200682433
10.96096096,6.25728579379621,22.8573446736753
10.97597598,6.25692424560753,22.8751702234969
10.99099099,6.2565636816183,22.892996683447
11.00600601,6.25620409915148,22.9108240192448
11.02102102,6.25584549553733,22.9286521965897
11.03603604,6.25548786811335,22.946481181161
11.05105105,6.2551312142243,22.9643109386187
11.06606607,6.25477553122212,22.9821414346027
11.08108108,6.25442081646599,22.9999726347337
11.0960961,6.25406706732222,23.0178045046126
11.11111111,6.25371428116431,23.0356370098209
11.12612613,6.25336245537289,23.0534701159206
11.14114114,6.25301158733571,23.0713037884545
11.15615616,6.25266167444761,23.0891379929458
11.17117117,6.25231271411052,23.1069726948987
11.18618619,6.25196470373344,23.1248078597982
11.2012012,6.25161764073238,23.1426434531099
11.21621622,6.25127152253041,23.1604794402806
11.23123123,6.25092634655757,23.1783157867379
11.24624625,6.25058211025092,23.1961524578906
11.26126126,6.25023881105445,23.2139894191285
11.27627628,6.24989644641912,23.2318266358223
11.29129129,6.24955501380281,23.2496640733244
11.30630631,6.24921451067031,23.267501696968
11.32132132,6.2488749344933,23.285339472068
11.33633634,6.24853628275032,23.3031773639202
11.35135135,6.2481985529268,23.3210153378023
11.36636637,6.24786174251495,23.3388533589733
11.38138138,6.24752584901385,23.3566913926735
11.3963964,6.24719086992933,23.3745294041252
11.41141141,6.24685680277404,23.3923673585321
11.42642643,6.24652364506735,23.4102052210796
11.44144144,6.24619139433541,23.4280429569349
11.45645646,6.24586004811106,23.445880531247
11.47147147,6.24552960393388,23.4637179091469
11.48648649,6.2452000593501,23.4815550557473
11.5015015,6.24487141191265,23.4993919361429
11.51651652,6.2445436591811,23.5172285154106
11.53153153,6.24421679872164,23.5350647586092
11.54654655,6.2438908281071,23.5529006307796
11.56156156,6.24356574491688,23.5707360969452
11.57657658,6.24324154673699,23.5885711221112
11.59159159,6.24291823115996,23.6064056712653
11.60660661,6.2425957957849,23.6242397093776
11.62162162,6.24227423821744,23.6420732014006
11.63663664,6.24195355606969,23.659906112269
11.65165165,6.24163374696029,23.6777384069002
11.66666667,6.24131480851432,23.6955700501942
11.68168168,6.24099673836333,23.7134010070333
11.6966967,6.24067953414531,23.7312312422828
11.71171171,6.24036319350466,23.7490607207905
11.72672673,6.24004771409219,23.7668894073869
11.74174174,6.23973309356509,23.7847172668854
11.75675676,6.23941932958692,23.8025442640823
11.77177177,6.23910641982759,23.8203703637566
11.78678679,6.23879436196335,23.8381955306705
11.8018018,6.23848315367676,23.8560197295689
11.81681682,6.23817279265667,23.8738429251799
11.83183183,6.23786327659822,23.8916650822147
11.84684685,6.23755460320283,23.9094861653676
11.86186186,6.23724677017814,23.9273061393161
11.87687688,6.23693977523804,23.9451249687209
11.89189189,6.23663361610263,23.9629426182261
11.90690691,6.2363282904982,23.9807590524589
11.92192192,6.23602379615722,23.99857423603
11.93693694,6.23572013081833,24.0163881335336
11.95195195,6.23541729222633,24.0342007095472
11.96696697,6.23511527813211,24.052011928632
11.98198198,6.23481408629271,24.0698217553326
11.996997,6.23451371447126,24.0876301541772
12.01201201,6.23421416043696,24.1054370896777
12.02702703,6.23391542196508,24.1232425263297
12.04204204,6.23361749683693,24.1410464286126
12.05705706,6.23332038283985,24.1588487609894
12.07207207,6.23302407776722,24.1766494879071
12.08708709,6.23272857941838,24.1944485737964
12.1021021,6.23243388559868,24.2122459830721
12.11711712,6.23213999411942,24.2300416801328
12.13213213,6.23184690279785,24.2478356293613
12.14714715,6.23155460945718,24.2656277951241
12.16216216,6.23126311192649,24.2834181417721
12.17717718,6.23097240804079,24.3012066336401
12.19219219,6.23068249564098,24.3189932350473
12.20720721,6.23039337257382,24.336777910297
12.22222222,6.23010503669192,24.3545606236766
12.23723724,6.22981748585372,24.3723413394579
12.25225225,6.22953071792349,24.3901200218973
12.26726727,6.22924473077133,24.4078966352351
12.28228228,6.22895952227308,24.4256711436963
12.2972973,6.22867509031039,24.4434435114902
12.31231231,6.22839143277066,24.4612137028109
12.32732733,6.22810854754702,24.4789816818366
12.34234234,6.22782643253835,24.4967474127305
12.35735736,6.22754508564922,24.5145108596399
12.37237237,6.22726450478992,24.5322719866973
12.38738739,6.22698468787638,24.5500307580195
12.4024024,6.22670563283025,24.5677871377082
12.41741742,6.22642733757877,24.5855410898497
12.43243243,6.22614980005487,24.6032925785154
12.44744745,6.22587301819706,24.6210415677612
12.46246246,6.22559698994947,24.638788021628
12.47747748,6.22532171326181,24.6565319041418
12.49249249,6.22504718608938,24.6742731793132
12.50750751,6.22477340639302,24.6920118111381
12.52252252,6.22450037213913,24.7097477635972
12.53753754,6.22422808129961,24.7274810006563
12.55255255,6.22395653185191,24.7452114862664
12.56756757,6.22368572177895,24.7629391843636
12.58258258,6.22341564906915,24.7806640588689
12.5975976,6.22314631171638,24.7983860736889
12.61261261,6.22287770771998,24.8161051927151
12.62762763,6.22260983508473,24.8338213798245
12.64264264,6.22234269182081,24.8515345988792
12.65765766,6.22207627594385,24.8692448137268
12.67267267,6.22181058547482,24.8869519882
12.68768769,6.22154561844013,24.9046560861173
12.7027027,6.22128137287151,24.9223570712822
12.71771772,6.22101784680606,24.940054907484
12.73273273,6.2207550382862,24.9577495584973
12.74774775,6.2204929453597,24.9754409880823
12.76276276,6.22023156607962,24.9931291599847
12.77777778,6.2199708985043,25.0108140379358
12.79279279,6.21971094069738,25.0284955856526
12.80780781,6.21945169072775,25.0461737668375
12.82282282,6.21919314666956,25.063848545179
12.83783784,6.21893530660219,25.081519884351
12.85285285,6.21867816861025,25.0991877480131
12.86786787,6.21842173078353,25.1168520998108
12.88288288,6.21816599121704,25.1345129033755
12.8978979,6.21791094801097,25.1521701223242
12.91291291,6.21765659927066,25.1698237202599
12.92792793,6.21740294310659,25.1874736607713
12.94294294,6.21714997763442,25.2051199074334
12.95795796,6.21689770097488,25.2227624238066
12.97297297,6.21664611125384,25.2404011734378
12.98798799,6.21639520660227,25.2580361198596
13.003003,6.21614498515621,25.2756672265906
13.01801802,6.21589544505675,25.2932944571356
13.03303303,6.21564658445007,25.3109177749853
13.04804805,6.21539840148735,25.3285371436167
13.06306306,6.21515089432484,25.3461525264929
13.07807808,6.21490406112376,25.3637638870629
13.09309309,6.21465790005036,25.3813711887623
13.10810811,6.21441240927586,25.3989743950125
13.12312312,6.21416758697645,25.4165734692213
13.13813814,6.21392343133329,25.4341683747829
13.15315315,6.21367994053247,25.4517590750776
13.16816817,6.21343711276503,25.469345533472
13.18318318,6.21319494622691,25.4869277133191
13.1981982,6.21295343911897,25.5045055779583
13.21321321,6.21271258964694,25.5220790907153
13.22822823,6.21247239602146,25.5396482149021
13.24324324,6.21223285645799,25.5572129138173
13.25825826,6.21199396917689,25.5747731507459
13.27327327,6.21175573240332,25.5923288889593
13.28828829,6.2115181443673,25.6098800917155
13.3033033,6.21128120330362,25.627426722259
13.31831832,6.21104490745191,25.6449687438207
13.33333333,6.21080925505656,25.6625061196181
13.34834835,6.21057424436674,25.6800388128554
13.36336336,6.21033987363638,25.6975667867233
13.37837838,6.21010614112416,25.7150900043992
13.39339339,6.2098730450935,25.732608429047
13.40840841,6.20964058381252,25.7501220238174
13.42342342,6.20940875555407,25.7676307518477
13.43843844,6.20917755859569,25.7851345762618
13.45345345,6.20894699121959,25.8026334601707
13.46846847,6.20871705171268,25.8201273666717
13.48348348,6.20848773836648,25.837616258849
13.4984985,6.20825904947721,25.8551000997738
13.51351351,6.20803098334568,25.8725788525038
13.52852853,6.20780353827735,25.8900524800836
13.54354354,6.20757671258225,25.9075209455447
13.55855856,6.20735050457505,25.9249842119054
13.57357357,6.20712491257496,25.9424422421709
13.58858859,6.20689993490579,25.9598949993333
13.6036036,6.2066755698959,25.9773424463715
13.61861862,6.20645181587818,25.9947845462513
13.63363363,6.20622867119007,26.0122212619257
13.64864865,6.20600613417353,26.0296525563343
13.66366366,6.20578420317501,26.047078392404
13.67867868,6.20556287654547,26.0644987330484
13.69369369,6.20534215264036,26.0819135411683
13.70870871,6.20512202981958,26.0993227796514
13.72372372,6.20490250644752,26.1167264113725
13.73873874,6.20468358089298,26.1341243991934
13.75375375,6.20446525152922,26.1515167059629
13.76876877,6.20424751673391,26.1689032945171
13.78378378,6.20403037488916,26.1862841276789
13.7987988,6.20381382438143,26.2036591682585
13.81381381,6.20359786360162,26.2210283790531
13.82882883,6.20338249094495,26.2383917228472
13.84384384,6.20316770481105,26.2557491624122
13.85885886,6.20295350360389,26.2731006605069
13.87387387,6.20273988573175,26.2904461798771
13.88888889,6.20252684960728,26.3077856832559
13.9039039,6.20231439364741,26.3251191333634
13.91891892,6.20210251627341,26.3424464929071
13.93393393,6.20189121591081,26.3597677245818
13.94894895,6.20168049098944,26.3770827910691
13.96396396,6.20147033994339,26.3943916550384
13.97897898,6.20126076121102,26.411694279146
13.99399399,6.20105175323491,26.4289906260355
14.00900901,6.2008433144619,26.4462806583378
14.02402402,6.20063544334306,26.4635643386712
14.03903904,6.20042813833363,26.4808416296411
14.05405405,6.2002213978931,26.4981124938405
14.06906907,6.20001522048511,26.5153768938493
14.08408408,6.1998096045775,26.532634792235
14.0990991,6.19960454864227,26.5498861515524
14.11411411,6.19940005115556,26.5671309343437
14.12912913,6.19919611059769,26.5843691031383
14.14414414,6.19899272545307,26.6016006204531
14.15915916,6.19878989421026,26.6188254487923
14.17417417,6.19858761536192,26.6360435506474
14.18918919,6.1983858874048,26.6532548884975
14.2042042,6.19818470883976,26.6704594248089
14.21921922,6.1979840781717,26.6876571220353
14.23423423,6.19778399390963,26.7048479426181
14.24924925,6.19758445456658,26.7220318489857
14.26426426,6.19738545865963,26.7392088035542
14.27927928,6.19718700470991,26.756378768727
14.29429429,6.19698909124256,26.7735417068951
14.30930931,6.19679171678671,26.7906975804367
14.32432432,6.19659487987552,26.8078463517177
14.33933934,6.19639857904613,26.8249879830913
14.35435435,6.19620281283965,26.8421224368982
14.36936937,6.19600757980116,26.8592496754665
14.38438438,6.1958128784797,26.8763696611119
14.3993994,6.19561870742826,26.8934823561375
14.41441441,6.19542506520374,26.9105877228339
14.42942943,6.19523195036699,26.9276857234792
14.44444444,6.19503936148277,26.9447763203389
14.45945946,6.19484729711973,26.9618594756661
14.47447447,6.19465575585043,26.9789351517015
14.48948949,6.19446473625129,26.996003310673
14.5045045,6.19427423690262,27.0130639147962
14.51951952,6.19408425638857,27.0301169262742
14.53453453,6.19389479329718,27.0471623072977
14.54954955,6.19370584622027,27.0642000200447
14.56456456,6.19351741375354,27.0812300266808
14.57957958,6.19332949449649,27.0982522893592
14.59459459,6.19314208705242,27.1152667702207
14.60960961,6.19295519002845,27.1322734313933
14.62462462,6.19276880203546,27.1492722349928
14.63963964,6.19258292168812,27.1662631431224
14.65465465,6.19239754760488,27.1832461178731
14.66966967,6.19221267840793,27.200221121323
14.68468468,6.19202831272321,27.217188115538
14.6996997,6.1918444491804,27.2341470625715
14.71471471,6.19166108641291,27.2510979244645
14.72972973,6.19147822305785,27.2680406632453
14.74474474,6.19129585775605,27.2849752409299
14.75975976,6.19111398915204,27.301901619522
14.77477477,6.19093261589403,27.3188197610125
14.78978979,6.19075173663389,27.33572962738
14.8048048,6.19057135002718,27.3526311805907
14.81981982,6.19039145473312,27.3695243825981
14.83483483,6.19021204941454,27.3864091953436
14.84984985,6.19003313273794,27.4032855807558
14.86486486,6.18985470337344,27.4201535007509
14.87987988,6.18967675999477,27.4370129172328
14.89489489,6.18949930127926,27.4538637920928
14.90990991,6.18932232590785,27.4707060872095
14.92492492,6.18914583256507,27.4875397644496
14.93993994,6.18896981993902,27.5043647856667
14.95495495,6.18879428672135,27.5211811127022
14.96996997,6.1886192316073,27.5379887073852
14.98498498,6.18844465329564,27.5547875315319
15,6.18827055048869,27.5715775469463
